Keyword,Region,Avg. monthly searches,Growth,Competition,Competition (indexed value),Top of page bid (low range),Top of page bid (high range),Start Date,End Date,Cluster,Intent
build app,USA,5000,0%,Medium,41,2.94,12.1,3/1/2024,2/28/2025,2,Navigational
website and app development,USA,5000,0%,Low,10,6.07,40.6,3/1/2024,2/28/2025,2,Navigational
app tester,USA,5000,0%,Low,24,2.47,15.24,3/1/2024,2/28/2025,2,Transactional
no code app builder,USA,5000,0%,Medium,42,3.89,15.86,3/1/2024,2/28/2025,2,Navigational
best app builder,USA,5000,-90%,Medium,49,3.51,15.64,3/1/2024,2/28/2025,2,Commercial
best app developers,USA,5000,0%,Low,20,18.92,75,3/1/2024,2/28/2025,2,Commercial
app development services,USA,5000,900%,Low,5,17.85,65.14,3/1/2024,2/28/2025,2,Navigational
best mobile app development platform,USA,500,0%,Low,5,2.89,18.88,3/1/2024,2/28/2025,2,Commercial
app builder without coding,USA,500,0%,Medium,45,4.17,21.43,3/1/2024,2/28/2025,2,Navigational
no code app development,USA,500,0%,Low,22,3.8,19.16,3/1/2024,2/28/2025,2,Navigational
ai app development,USA,500,0%,Low,24,5.22,25.63,3/1/2024,2/28/2025,2,Navigational
ai app developer,USA,500,0%,Medium,58,7.93,46.58,3/1/2024,2/28/2025,2,Navigational
ai app creator,USA,500,0%,High,69,2.63,10.86,3/1/2024,2/28/2025,2,Navigational
app tester android,USA,500,0%,Low,29,6.52,20.87,3/1/2024,2/28/2025,2,Transactional
app developers for startups,USA,50,900%,Low,6,14.39,52.1,3/1/2024,2/28/2025,2,Navigational
ai in mobile app development,USA,50,0%,Low,11,4.7,15.77,3/1/2024,2/28/2025,2,Navigational
test an api,USA,5000,0%,Low,19,2.98,8.05,3/1/2024,2/28/2025,1,Transactional
python for api testing,USA,500,0%,Low,6,1.87,6.47,3/1/2024,2/28/2025,1,Transactional
tools for api automation,USA,500,0%,Low,32,4.13,20,3/1/2024,2/28/2025,1,Transactional
api security test,USA,500,0%,Low,19,8.33,30.5,3/1/2024,2/28/2025,1,Transactional
automated api testing,USA,500,0%,Low,23,4.08,17.12,3/1/2024,2/28/2025,1,Transactional
example api for testing,USA,500,0%,Low,13,2.08,5.55,3/1/2024,2/28/2025,1,Transactional
rest assured for api testing,USA,500,0%,Low,14,2.56,10.66,3/1/2024,2/28/2025,1,Transactional
api integration testing,USA,500,-90%,Low,14,3.88,12.21,3/1/2024,2/28/2025,3,Transactional
framework for api testing,USA,500,0%,Low,15,3.23,8.94,3/1/2024,2/28/2025,1,Transactional
python api testing,USA,500,0%,Low,6,1.87,6.47,3/1/2024,2/28/2025,1,Transactional
section 508 testing tools,USA,500,0%,Medium,40,4,11.96,3/1/2024,2/28/2025,1,Transactional
selenium test api,USA,500,-90%,Low,19,3.13,13.08,3/1/2024,2/28/2025,1,Transactional
rest api doc generator,USA,500,0%,Low,21,3.05,11.85,3/1/2024,2/28/2025,1,Navigational
api automation tools,USA,500,0%,Low,32,4.13,20,3/1/2024,2/28/2025,1,Transactional
selenium api testing,USA,500,-90%,Low,19,3.13,13.08,3/1/2024,2/28/2025,1,Transactional
e2e testing tools,USA,500,0%,Low,23,4.44,15.2,3/1/2024,2/28/2025,1,Transactional
ui testing tool,USA,500,0%,Low,25,3.69,10.79,3/1/2024,2/28/2025,1,Transactional
api testing rest assured,USA,500,0%,Low,14,2.56,10.66,3/1/2024,2/28/2025,1,Transactional
rest testing tool,USA,500,0%,Low,16,3.91,19.28,3/1/2024,2/28/2025,1,Transactional
rest api test tool,USA,500,0%,Low,31,3.25,20,3/1/2024,2/28/2025,1,Transactional
api load testing tools,USA,500,0%,Medium,36,5.44,20.25,3/1/2024,2/28/2025,1,Transactional
api automation testing tools,USA,500,0%,Low,19,3.1,13.47,3/1/2024,2/28/2025,1,Transactional
api debugging tool,USA,50,0%,Medium,34,5.96,11.32,3/1/2024,2/28/2025,1,Navigational
api performance testing tools,USA,50,900%,Low,20,4.33,17.05,3/1/2024,2/28/2025,1,Transactional
online api testing tool,USA,50,0%,Medium,57,3.23,13.22,3/1/2024,2/28/2025,1,Transactional
best api testing tool,USA,50,0%,Low,12,6.13,25,3/1/2024,2/28/2025,1,Transactional
best api performance testing tool,USA,50,0%,Low,7,,,3/1/2024,2/28/2025,1,Transactional
api integration testing tools,USA,50,0%,Low,26,2.17,13.94,3/1/2024,2/28/2025,3,Transactional
codeless api testing,USA,50,0%,Low,31,,,3/1/2024,2/28/2025,1,Transactional
best api automation tool,USA,50,0%,Low,8,,,3/1/2024,2/28/2025,1,Transactional
automate api testing with artificial intelligence,USA,50,0%,Low,9,,,3/1/2024,2/28/2025,1,Transactional
api testing company,USA,50,0%,Low,0,,,3/1/2024,2/28/2025,1,Transactional
best tool to automate api testing,USA,50,0%,Medium,33,,,3/1/2024,2/28/2025,1,Transactional
api backend testing,USA,50,0%,Low,0,,,3/1/2024,2/28/2025,1,Transactional
api functional testing tools,USA,50,0%,Low,17,4,21.4,3/1/2024,2/28/2025,1,Transactional
list of api testing tools,USA,50,0%,Low,19,,,3/1/2024,2/28/2025,1,Transactional
api deployment tool,USA,0,0%,Unknown,,,,3/1/2024,2/28/2025,1,Transactional
backend tools for rapid prototyping,USA,0,0%,Unknown,,,,3/1/2024,2/28/2025,0,Transactional
ai powered infrastructure automation,USA,0,0%,Unknown,,,,3/1/2024,2/28/2025,2,Transactional
scalable ai driven backend,USA,0,0%,Unknown,,,,3/1/2024,2/28/2025,2,Navigational
startup friendly backend tool,USA,0,0%,Unknown,,,,3/1/2024,2/28/2025,0,Navigational
backend for saas applications,USA,0,0%,Unknown,,,,3/1/2024,2/28/2025,0,Navigational
backend automation for e commerce,USA,0,0%,Unknown,,,,3/1/2024,2/28/2025,0,Transactional
best tools for backend automation,USA,0,0%,Unknown,,,,3/1/2024,2/28/2025,0,Transactional
no code backend solutions,USA,0,0%,Unknown,,,,3/1/2024,2/28/2025,0,Navigational
ai powered low code backend,USA,0,0%,Unknown,,,,3/1/2024,2/28/2025,2,Navigational
backend automation for startups,USA,0,0%,Unknown,,,,3/1/2024,2/28/2025,0,Transactional
ai driven api generator,USA,0,0%,Unknown,,,,3/1/2024,2/28/2025,2,Navigational
code free api creation,USA,0,0%,Unknown,,,,3/1/2024,2/28/2025,0,Navigational
secure api generation with ai,USA,0,0%,Unknown,,,,3/1/2024,2/28/2025,2,Navigational
rapid api backend for frontend,USA,0,0%,Unknown,,,,3/1/2024,2/28/2025,0,Navigational
ai generated backend for web apps,USA,0,0%,Unknown,,,,3/1/2024,2/28/2025,2,Navigational
postgresql integration,USA,50000,900%,Low,,1,,3/1/2024,2/28/2025,3,Navigational
sql server integration,USA,500,0%,Low,2.43,1,8.36,3/1/2024,2/28/2025,3,Navigational
backend code automation,USA,500,0%,Unknown,,,,3/1/2024,2/28/2025,0,Transactional
automated database creation,USA,50,0%,Unknown,,,,3/1/2024,2/28/2025,0,Navigational
backend database generator,USA,50,0%,Unknown,,,,3/1/2024,2/28/2025,0,Navigational
data integration systems,USA,50,0%,Low,6.83,10,25,3/1/2024,2/28/2025,3,Navigational
ai for database management,USA,50,0%,Medium,6.23,48,21.01,3/1/2024,2/28/2025,2,Navigational
sql server ci cd azure devops,USA,50,0%,Low,,0,,3/1/2024,2/28/2025,0,Navigational
database integration tool,USA,50,0%,High,,100,,3/1/2024,2/28/2025,3,Navigational
data integrator sap,USA,50,0%,Low,6.08,11,16.1,3/1/2024,2/28/2025,0,Navigational
AI-powered code generation,USA,5000,0%,High,34,3.25,15.03,3/1/2024,2/28/2025,2,Navigational
Backend automation,USA,500,0%,Medium,14,2.56,10.66,3/1/2024,2/28/2025,0,Transactional
API testing,USA,500,0%,Medium,36,5.44,20.25,3/1/2024,2/28/2025,1,Transactional
API debugging,USA,500,0%,Medium,46,4.31,11.24,3/1/2024,2/28/2025,1,Navigational
API deployment,USA,500,0%,Medium,19,3.1,13.47,3/1/2024,2/28/2025,1,Transactional
REST API management,USA,500,0%,Medium,23,4.08,17.12,3/1/2024,2/28/2025,1,Navigational
No-code backend development,USA,500,0%,Medium,19,2.48,8.57,3/1/2024,2/28/2025,2,Navigational
Automated backend setup,USA,500,0%,Medium,20,4.33,17.05,3/1/2024,2/28/2025,0,Navigational
Postman alternative,USA,500,0%,Medium,25,4.75,22.71,3/1/2024,2/28/2025,0,Navigational
API version control,USA,500,900%,Medium,57,3.23,13.22,3/1/2024,2/28/2025,1,Navigational
Automated error correction,USA,500,0%,Medium,14,3.85,9.3,3/1/2024,2/28/2025,0,Navigational
Database integration,USA,500,0%,Medium,11,2.13,11.78,3/1/2024,2/28/2025,3,Navigational
Backend code editing,USA,500,0%,Medium,38,4.42,10.83,3/1/2024,2/28/2025,0,Navigational
GitHub integration,USA,500,0%,Medium,30,2.44,9.71,3/1/2024,2/28/2025,3,Navigational
Real-time API validation,USA,500,0%,Medium,20,3.56,12.91,3/1/2024,2/28/2025,1,Navigational
Low-code backend tool,USA,500,0%,Medium,31,3.25,20,3/1/2024,2/28/2025,0,Navigational
Backend development for startups,USA,500,0%,Medium,18,3.94,12.27,3/1/2024,2/28/2025,2,Navigational
API security testing,USA,500,0%,Medium,17,2.74,8.7,3/1/2024,2/28/2025,1,Transactional
Live API endpoint testing,USA,500,0%,Medium,19,2.81,7.77,3/1/2024,2/28/2025,1,Transactional
Scalable backend solutions,USA,500,0%,Medium,20,1.93,16.8,3/1/2024,2/28/2025,0,Navigational
AI-powered API testing,USA,5000,0%,High,25,3.69,10.79,3/1/2024,2/28/2025,2,Transactional
Automated backend testing,USA,500,0%,Medium,33,4.51,12.11,3/1/2024,2/28/2025,0,Transactional
Swagger automated testing,USA,500,0%,Medium,23,4.44,15.2,3/1/2024,2/28/2025,1,Transactional
API test case automation,USA,500,-90%,Medium,34,7.41,33.2,3/1/2024,2/28/2025,1,Transactional
Backend IM test automation,USA,500,0%,Medium,33,3.27,9.47,3/1/2024,2/28/2025,0,Transactional
Fast API development,USA,500,0%,Medium,11,3,6.17,3/1/2024,2/28/2025,2,Navigational
Automated REST API testing,USA,500,0%,Medium,47,3.65,9.18,3/1/2024,2/28/2025,1,Transactional
API debugging tool,USA,500,0%,Medium,15,3.23,8.94,3/1/2024,2/28/2025,1,Navigational
Automated backend generation,USA,500,0%,Medium,19,2.98,8.05,3/1/2024,2/28/2025,0,Navigational
API testing with AI,USA,500,0%,Medium,11,3,6.72,3/1/2024,2/28/2025,1,Transactional
Backend code automation,USA,500,0%,Medium,3,3.35,9.78,3/1/2024,2/28/2025,0,Transactional
API deployment automation,USA,500,0%,Medium,19,3.13,13.08,3/1/2024,2/28/2025,1,Transactional
AI-driven backend solutions,USA,500,0%,Medium,19,8.33,30.5,3/1/2024,2/28/2025,2,Navigational
REST API security testing,USA,500,-90%,Medium,28,3,8.56,3/1/2024,2/28/2025,1,Transactional
Code generation for backend,USA,500,0%,Medium,18,3,6.01,3/1/2024,2/28/2025,0,Navigational
API integration testing,USA,500,0%,Medium,19,4,7.9,3/1/2024,2/28/2025,3,Transactional
API versioning and managemen,USA,500,0%,Medium,5,3,7.3,3/1/2024,2/28/2025,1,Navigational
api testing tools,USA,5000,0%,Low,31,4.16,19.17,3/1/2024,2/28/2025,1,Transactional
api testing,USA,5000,0%,Low,19,2.98,8.05,3/1/2024,2/28/2025,1,Transactional
rest api,USA,50000,0%,Low,1,1.03,11.15,3/1/2024,2/28/2025,1,Navigational
api development,USA,5000,0%,Low,22,3.92,19.06,3/1/2024,2/28/2025,2,Navigational
api design,USA,5000,0%,Low,13,2.21,11.72,3/1/2024,2/28/2025,1,Navigational
api software,USA,5000,0%,Low,23,3.67,17.63,3/1/2024,2/28/2025,1,Commercial
api gateway,USA,5000,0%,Low,27,7.26,31.01,3/1/2024,2/28/2025,1,Navigational
api endpoint,USA,5000,0%,Low,2,3.65,18.76,3/1/2024,2/28/2025,1,Navigational
api integration,USA,5000,0%,Low,23,4.95,17.53,3/1/2024,2/28/2025,3,Navigational
mock api,USA,5000,0%,Low,20,3.68,10.81,3/1/2024,2/28/2025,1,Navigational
open api,USA,50000,0%,Low,1,3.07,16.7,3/1/2024,2/28/2025,1,Navigational
api documentation,USA,5000,0%,Low,8,2.68,10.43,3/1/2024,2/28/2025,1,Navigational
api management,USA,5000,0%,Low,27,9.78,25.22,3/1/2024,2/28/2025,1,Navigational
swagger api,USA,5000,0%,Low,12,1.98,13.87,3/1/2024,2/28/2025,1,Navigational
graphql api,USA,5000,0%,Low,4,1.29,7.99,3/1/2024,2/28/2025,1,Navigational
api key,USA,5000,0%,Low,9,2.37,9.51,3/1/2024,2/28/2025,1,Navigational
json api,USA,5000,0%,Low,2,4.4,15,3/1/2024,2/28/2025,1,Navigational
swagger api documentation,USA,5000,900%,Low,4,1.72,7.76,3/1/2024,2/28/2025,1,Navigational
openapi specification,USA,50000,0%,Low,1,3.07,16.7,3/1/2024,2/28/2025,0,Navigational
fastapi python,USA,5000,0%,Low,1,0.67,8.84,3/1/2024,2/28/2025,0,Navigational
backend vs frontend development,USA,5000,0%,Low,0,0.23,5.08,3/1/2024,2/28/2025,2,Informational
backend and frontend programming,USA,500,0%,Low,9,3.16,13.4,3/1/2024,2/28/2025,0,Informational
backend developer vs front end developer,USA,5000,0%,Low,1,0.23,10.01,3/1/2024,2/28/2025,0,Informational
backend vs frontend web development,USA,5000,0%,Low,0,0.23,5.08,3/1/2024,2/28/2025,2,Informational
front end developer vs backend,USA,5000,0%,Low,0,0.23,5.08,3/1/2024,2/28/2025,0,Informational
front end vs backend developer,USA,5000,0%,Low,1,0.23,10.01,3/1/2024,2/28/2025,0,Informational
front vs back end developer,USA,5000,0%,Low,1,0.23,10.01,3/1/2024,2/28/2025,0,Informational
frontend and backend software,USA,500,0%,Low,5,3.53,17.23,3/1/2024,2/28/2025,0,Commercial
web development frontend and backend,USA,500,0%,Low,11,3.21,13.49,3/1/2024,2/28/2025,2,Navigational
what is backend and frontend programming,USA,500,0%,Low,4,2.43,11.37,3/1/2024,2/28/2025,0,Informational
api test,USA,5000,0%,Low,31,4.16,19.17,3/1/2024,2/28/2025,1,Transactional
test api online,USA,500,0%,Medium,34,2.57,8.57,3/1/2024,2/28/2025,1,Transactional
backend development,USA,5000,0%,Low,6,2.01,6.44,3/1/2024,2/28/2025,2,Navigational
api automation,USA,500,0%,Low,19,3.1,13.47,3/1/2024,2/28/2025,1,Transactional
serverless backend,USA,500,0%,Low,19,2.83,11.54,3/1/2024,2/28/2025,0,Navigational
agile api development,USA,500,0%,Low,16,3.67,11.41,3/1/2024,2/28/2025,2,Navigational
backend as a service,USA,50,0%,Low,33,3.27,9.47,3/1/2024,2/28/2025,0,Navigational
microservices testing,USA,500,0%,Medium,49,4.63,48.67,3/1/2024,2/28/2025,1,Transactional
api performance testing,USA,50,0%,Low,29,3.15,13.11,3/1/2024,2/28/2025,1,Transactional
cloud backend solutions,USA,50,0%,Medium,63,2.42,8.51,3/1/2024,2/28/2025,0,Navigational
low-code backend,USA,50,0%,Medium,35,3.48,10.19,3/1/2024,2/28/2025,0,Navigational
no-code api builder,USA,50,-90%,Medium,57,3.52,16.2,3/1/2024,2/28/2025,2,Navigational
backend integration,USA,50,0%,Low,2,2.06,8.07,3/1/2024,2/28/2025,3,Navigational
developer api tools,USA,500000,0%,Low,30,2.51,8.13,3/1/2024,2/28/2025,1,Transactional
api deployment,USA,500,0%,Low,3,2.59,9.89,3/1/2024,2/28/2025,1,Transactional
api prototyping,USA,5000,0%,Low,18,6.84,14.17,3/1/2024,2/28/2025,1,Navigational
api security testing,USA,5000,0%,Low,1,0.67,6.71,3/1/2024,2/28/2025,1,Transactional
fast backend development,USA,5000,0%,Low,24,6.24,24.29,3/1/2024,2/28/2025,2,Navigational
scalable api,USA,50,0%,Low,7,3.3,6.25,3/1/2024,2/28/2025,1,Navigational
backend framework,USA,50,0%,Low,17,2.77,9.3,3/1/2024,2/28/2025,0,Navigational
instant api testing,USA,500,0%,Low,22,3.21,13.9,3/1/2024,2/28/2025,1,Transactional
api monitoring tools,USA,500,0%,Low,12,2.06,7.85,3/1/2024,2/28/2025,1,Transactional
debugging api,USA,500,0%,Low,18,8.41,45.58,3/1/2024,2/28/2025,1,Navigational
webhook testing,USA,500,0%,Low,23,2.85,9.31,3/1/2024,2/28/2025,1,Transactional
cloud-native backend,USA,500,0%,Low,1,0.29,5.86,3/1/2024,2/28/2025,0,Navigational
backend optimization,USA,50000,0%,Low,17,2,5,3/1/2024,2/28/2025,0,Navigational
continuous integration api,USA,500,0%,Low,2,3.65,18.76,3/1/2024,2/28/2025,3,Navigational
google api chart qr code,USA,500,-90%,Low,6,1.51,3.4,3/1/2024,2/28/2025,1,Navigational
openapi code gen,USA,50,0%,Low,4,,,3/1/2024,2/28/2025,0,Navigational
chart api google qr code,USA,500,-90%,Low,6,1.51,3.4,3/1/2024,2/28/2025,1,Navigational
api code generator,USA,50,0%,Medium,49,4.44,15.46,3/1/2024,2/28/2025,1,Navigational
google api qrcode,USA,500,0%,Low,4,3.04,5.18,3/1/2024,2/28/2025,1,Navigational
node rest api generator,USA,50,0%,Low,0,0,0,3/1/2024,2/28/2025,1,Navigational
jhipster rest api,USA,50,-100%,Unknown,0,0,0,3/1/2024,2/28/2025,1,Navigational
java generate openapi from code,USA,50,-100%,Unknown,0,0,0,3/1/2024,2/28/2025,0,Navigational
online barcode generator api,USA,50,0%,Medium,43,0,0,3/1/2024,2/28/2025,1,Navigational
api automation tool,USA,500,0%,Low,32,4.13,20,3/1/2024,2/28/2025,1,Transactional
fast api development,USA,50,0%,Low,29,,0,3/1/2024,2/28/2025,2,Navigational
ai for backend development,USA,50,0%,Low,31,2.33,9.25,3/1/2024,2/28/2025,2,Navigational
open source api automation testing tools,USA,50,0%,Low,0,,,3/1/2024,2/28/2025,1,Transactional
best api test automation tools,USA,50,0%,Low,17,,,3/1/2024,2/28/2025,1,Transactional
backend development platform,USA,50,0%,Low,0,,,3/1/2024,2/28/2025,2,Navigational
automation of api testing,USA,500,0%,Low,23,4.08,17.12,3/1/2024,2/28/2025,1,Transactional
automation of rest api testing,USA,50,0%,Low,21,3.59,15.18,3/1/2024,2/28/2025,1,Transactional
automation test api tool,USA,50,0%,Low,0,,,3/1/2024,2/28/2025,1,Transactional
rest testing,USA,500,0%,Low,9,3.48,9.89,3/1/2024,2/28/2025,1,Transactional
rest automation tools,USA,50,0%,Medium,49,2.49,7.22,3/1/2024,2/28/2025,1,Transactional
rest api automation,USA,50,0%,Low,24,3.07,9.35,3/1/2024,2/28/2025,1,Transactional
best tool for rest api testing,USA,50,0%,Medium,37,8,19.88,3/1/2024,2/28/2025,1,Transactional
rest api automation tools,USA,50,0%,Medium,49,2.49,7.22,3/1/2024,2/28/2025,1,Transactional
automation testing tools for rest api,USA,50,0%,Medium,37,3.52,13.85,3/1/2024,2/28/2025,1,Transactional
backend api testing tools,USA,50,0%,Medium,36,,,3/1/2024,2/28/2025,1,Transactional
